MovieName,Genre,Rating,Director,Actor,PeopleVote,Year,Hero_Rating,movie_rating,content_rating,link
Mouna Guru,Action,7.7,Santha Kumar,Arulnithi,746,2011.0,8.0,8.0,7.9,https://www.imdb.com/find/?q=MounaGuru
7 Aum Arivu,Action,6.2,A.R. Murugadoss,Suriya,9479,2011.0,9.0,9.0,8.066666667,https://www.imdb.com/find/?q=7AumArivu
Vaagai Sooda Vaa,Comedy,8.0,A. Sarkunam,Vimal,14522,2011.0,8.0,7.0,7.666666667,https://www.imdb.com/find/?q=VaagaiSoodaVaa
Mankatha,Action,7.6,Venkat Prabhu,Ajith Kumar,12276,2011.0,6.0,8.0,7.2,https://www.imdb.com/find/?q=Mankatha
Kanchana: Muni 2,Comedy,6.5,Lawrence Raghavendra,Lawrence Raghavendra,1044,2011.0,8.0,9.0,7.833333333,https://www.imdb.com/find/?q=Kanchana:Muni2
Deiva Thirumagal,Drama,8.1,A.L. Vijay,Vikram,44517,2011.0,9.0,9.0,8.7,https://www.imdb.com/find/?q=DeivaThirumagal
Vaanam,Action,7.2,Radha Krishna Jagarlamudi,T.R. Silambarasan,1307,2011.0,7.0,8.0,7.4,https://www.imdb.com/find/?q=Vaanam
Ko,Action,7.8,K.V. Anand,Jiiva,4759,2011.0,9.0,7.0,7.933333333,https://www.imdb.com/find/?q=Ko
Payanam,Action,7.3,Radha Mohan,Nagarjuna Akkineni,677,2011.0,6.0,8.0,7.1,https://www.imdb.com/find/?q=Payanam
Yutham Sei,Crime,8.0,Myshkin,Cheran,1678,2011.0,4.0,9.0,7.0,https://www.imdb.com/find/?q=YuthamSei
Aadukalam,Action,8.1,Vetrimaaran,Dhanush,4456,2011.0,8.0,9.0,8.366666667,https://www.imdb.com/find/?q=Aadukalam
Naduvula Konjam Pakkatha Kaanom,Comedy,8.2,Balaji Tharaneetharan,Vijay Sethupathi,4530,2012.0,7.0,8.0,7.733333333,https://www.imdb.com/find/?q=NaduvulaKonjamPakkathaKaanom
Thuppakki,Action,7.9,A.R. Murugadoss,Joseph Vijay,22577,2012.0,9.0,9.0,8.633333333,https://www.imdb.com/find/?q=Thuppakki
Pizza,Horror,8.0,Karthik Subbaraj,Vijay Sethupathi,6528,2012.0,2.0,8.0,6.0,https://www.imdb.com/find/?q=Pizza
Naan,Crime,7.5,Jeeva Shankar,Vijay Antony,1365,2012.0,3.0,7.0,5.833333333,https://www.imdb.com/find/?q=Naan
The Fly,Action,7.7,S.S. Rajamouli,J.V.V. Sathyanarayana,20590,2012.0,5.0,7.0,6.566666667,https://www.imdb.com/find/?q=TheFly
Kalakalappu,Comedy,6.9,Sundar C.,Vimal,1019,2012.0,7.0,8.0,7.3,https://www.imdb.com/find/?q=Kalakalappu
Vazhakku Enn 18/9,Crime,8.3,Balaji Sakthivel,Sri,1915,2012.0,5.0,9.0,7.433333333,https://www.imdb.com/find/?q=VazhakkuEnn18/9
Kumki,Drama,7.0,Prabu Solomon,Vikram Prabhu,1231,2012.0,8.0,9.0,8.0,https://www.imdb.com/find/?q=Kumki
Neethaane En Ponvasantham,Romance,6.5,Gautham Vasudev Menon,Jiiva,1500,2012.0,9.0,8.0,7.833333333,https://www.imdb.com/find/?q=NeethaaneEnPonvasantham
Thalaimuraigal,Drama,7.6,Balu Mahendra,Karthick,40034,2013.0,8.0,7.0,7.533333333,https://www.imdb.com/find/?q=Thalaimuraigal
Biriyani,Action,5.7,Venkat Prabhu,Karthi,1272,2013.0,7.0,8.0,6.9,https://www.imdb.com/find/?q=Biriyani
Ivan Veramaathiri,Action,6.0,M. Saravanan,Vikram Prabhu,290,2013.0,4.0,9.0,6.333333333,https://www.imdb.com/find/?q=IvanVeramaathiri
Kalyana Samayal Saadham,Comedy,7.1,R.S. Prasanna,Prasanna,117,2013.0,5.0,8.0,6.7,https://www.imdb.com/find/?q=KalyanaSamayalSaadham
Irandam Ulagam,Action,5.7,K. Selvaraghavan,Arya,1101,2013.0,8.0,8.0,7.233333333,https://www.imdb.com/find/?q=IrandamUlagam
Pandiya Naadu,Action,7.2,Suseenthiran,Vishal,1168,2013.0,9.0,8.0,8.066666667,https://www.imdb.com/find/?q=PandiyaNaadu
Arrambam,Action,7.0,Vishnuvardhan,Ajith Kumar,8415,2013.0,6.0,9.0,7.333333333,https://www.imdb.com/find/?q=Arrambam
Onaayum Aattukkuttiyum,Action,8.2,Myshkin,Myshkin,2181,2013.0,8.0,8.0,8.066666667,https://www.imdb.com/find/?q=OnaayumAattukkuttiyum
Raja Rani,Comedy,7.6,Atlee Kumar,Arya,4088,2013.0,9.0,9.0,8.533333333,https://www.imdb.com/find/?q=RajaRani
6 Candles,Thriller,7.0,V.Z. Dhorai,Sandra Amy,16247,2013.0,4.0,9.0,6.666666667,https://www.imdb.com/find/?q=6Candles
Moodar Koodam,Comedy,7.7,Naveen,Naveen,1081,2013.0,5.0,8.0,6.9,https://www.imdb.com/find/?q=MoodarKoodam
Varuthapadatha Valibar Sangam,Comedy,6.7,Ponram,Sivakarthikeyan,1352,2013.0,6.0,8.0,6.9,https://www.imdb.com/find/?q=VaruthapadathaValibarSangam
Thanga Meengal,Drama,7.9,Ram,Ram,791,2013.0,4.0,9.0,6.966666667,https://www.imdb.com/find/?q=ThangaMeengal
Aadhalal Kadhal Seiveer,Romance,7.2,Suseenthiran,Santhosh Ramesh,62323,2013.0,5.0,8.0,6.733333333,https://www.imdb.com/find/?q=AadhalalKadhalSeiveer
Maryan,Adventure,7.1,Ganapathy Bharat,Dhanush,2761,2013.0,6.0,9.0,7.366666667,https://www.imdb.com/find/?q=Maryan
Singam 2,Action,6.3,Hari,Suriya,5369,2013.0,8.0,9.0,7.766666667,https://www.imdb.com/find/?q=Singam2
Theeya Velai Seiyyanum Kumaru,Comedy,6.1,Sundar C.,Siddharth,1320,2013.0,7.0,8.0,7.033333333,https://www.imdb.com/find/?q=TheeyaVelaiSeiyyanumKumaru
Neram,Action,7.5,Alphonse Puthren,Nivin Pauly,4292,2013.0,5.0,8.0,6.833333333,https://www.imdb.com/find/?q=Neram
Soodhu Kavvum,Comedy,8.3,Nalan Kumarasamy,Vijay Sethupathi,8307,2013.0,6.0,9.0,7.766666667,https://www.imdb.com/find/?q=SoodhuKavvum
Ethir Neechal,Comedy,6.8,R.S. Durai Senthilkumar,Sivakarthikeyan,1747,2013.0,8.0,9.0,7.933333333,https://www.imdb.com/find/?q=EthirNeechal
Kedi Billa Killadi Ranga,Comedy,5.5,Pandiraj,Vimal,578,2013.0,7.0,7.0,6.5,https://www.imdb.com/find/?q=KediBillaKilladiRanga
Paradesi,Drama,8.0,Bala,Atharvaa Murali,1644,2013.0,8.0,8.0,8.0,https://www.imdb.com/find/?q=Paradesi
Kaakkaa Muttai,Comedy,8.4,M. Manikandan,Ramesh,5011,2014.0,9.0,7.0,8.133333333,https://www.imdb.com/find/?q=KaakkaaMuttai
Kayal,Romance,6.4,Prabu Solomon,Chandran,320,2014.0,8.0,8.0,7.466666667,https://www.imdb.com/find/?q=Kayal
Pisasu,Horror,7.6,Myshkin,Naga,1658,2014.0,7.0,9.0,7.866666667,https://www.imdb.com/find/?q=Pisasu
Lingaa,Action,5.6,K.S. Ravikumar,Rajinikanth,4807,2014.0,4.0,8.0,5.866666667,https://www.imdb.com/find/?q=Lingaa
Kaaviya Thalaivan,Drama,7.6,Vasanthabalan,Siddharth,1133,2014.0,5.0,7.0,6.533333333,https://www.imdb.com/find/?q=KaaviyaThalaivan
Kaththi,Action,7.9,A.R. Murugadoss,Joseph Vijay,16760,2014.0,8.0,7.0,7.633333333,https://www.imdb.com/find/?q=Kaththi
Jeeva,Drama,7.5,Suseenthiran,Vishnu Vishal,944,2014.0,9.0,9.0,8.5,https://www.imdb.com/find/?q=Jeeva
Madras,Action,8.0,Pa. Ranjith,Karthi,3102,2014.0,8.0,8.0,8.0,https://www.imdb.com/find/?q=Madras
Kathai Thiraikathai Vasanam Iyakkam,Drama,6.8,Parthiban,Thambi Ramaiah,586,2014.0,7.0,7.0,6.933333333,https://www.imdb.com/find/?q=KathaiThiraikathaiVasanamIyakkam
Jigarthanda,Action,8.3,Karthik Subbaraj,Siddharth,9578,2014.0,8.0,7.0,7.766666667,https://www.imdb.com/find/?q=Jigarthanda
Velaiilla Pattadhari,Action,7.8,Velraj,Dhanush,5039,2014.0,9.0,8.0,8.266666667,https://www.imdb.com/find/?q=VelaiillaPattadhari
Sathuranga Vettai,Crime,8.1,H. Vinoth,Nataraja Subramanian,2409,2014.0,8.0,9.0,8.366666667,https://www.imdb.com/find/?q=SathurangaVettai
Saivam,Drama,6.8,A.L. Vijay,Nassar,59767,2014.0,7.0,9.0,7.6,https://www.imdb.com/find/?q=Saivam
Mundaasupatti,Comedy,7.6,Ram Kumar,Vishnu Vishal,1118,2014.0,4.0,8.0,6.533333333,https://www.imdb.com/find/?q=Mundaasupatti
Kochadaiiyaan,Animation,6.3,Soundarya R. Ashwin,Rajinikanth,4692,2014.0,5.0,8.0,6.433333333,https://www.imdb.com/find/?q=Kochadaiiyaan
Vaayai Moodi Pesavum,Comedy,6.7,Balaji Mohan,Dulquer Salmaan,1448,2014.0,9.0,9.0,8.233333333,https://www.imdb.com/find/?q=VaayaiMoodiPesavum
Cuckoo,Drama,7.8,Raju Murugan,Dinesh,617,2014.0,8.0,7.0,7.6,https://www.imdb.com/find/?q=Cuckoo
Thegidi,Crime,7.8,P. Ramesh,Ashok Selvan,27868,2014.0,7.0,8.0,7.6,https://www.imdb.com/find/?q=Thegidi
Pannaiyarum Padminiyum,Comedy,7.8,S.U. Arun Kumar,Vijay Sethupathi,1375,2014.0,5.0,9.0,7.266666667,https://www.imdb.com/find/?q=PannaiyarumPadminiyum
Goli Soda,Action,7.7,Vijay Milton,Kishore Kumar G.,905,2014.0,8.0,7.0,7.566666667,https://www.imdb.com/find/?q=GoliSoda
Veeram,Action,6.5,Siva,Ajith Kumar,6655,2014.0,9.0,7.0,7.5,https://www.imdb.com/find/?q=Veeram
Rajini Murugan,Action,5.7,Ponram,Sivakarthikeyan,1322,2015.0,6.0,8.0,6.566666667,https://www.imdb.com/find/?q=RajiniMurugan
Visaaranai,Crime,8.5,Vetrimaaran,Dinesh,6219,2015.0,8.0,9.0,8.5,https://www.imdb.com/find/?q=Visaaranai
Pasanga 2,Drama,7.5,Pandiraj,Suriya,1031,2015.0,7.0,7.0,7.166666667,https://www.imdb.com/find/?q=Pasanga2
Thoongaavanam,Action,7.0,Rajesh M. Selva,Kamal Haasan,1819,2015.0,5.0,8.0,6.666666667,https://www.imdb.com/find/?q=Thoongaavanam
Naanum Rowdy Thaan,Action,7.3,Vignesh Shivan,Vijay Sethupathi,3354,2015.0,8.0,9.0,8.1,https://www.imdb.com/find/?q=NaanumRowdyThaan
Kuttram Kadithal,Drama,8.0,Bramma G.,Master Ajay,665,2015.0,4.0,8.0,6.666666667,https://www.imdb.com/find/?q=KuttramKadithal
Kirumi,Crime,7.0,Anu Charan,Anucharan,45686,2015.0,7.0,7.0,7.0,https://www.imdb.com/find/?q=Kirumi
Maya,Horror,7.6,Ashwin Saravanan,Nayanthara,1302,2015.0,9.0,8.0,8.2,https://www.imdb.com/find/?q=Maya
Thani Oruvan,Action,8.4,Mohan Raja,Jayam Ravi,15421,2015.0,6.0,8.0,7.466666667,https://www.imdb.com/find/?q=ThaniOruvan
Papanasam,Drama,8.4,Jeethu Joseph,Kamal Haasan,5295,2015.0,8.0,7.0,7.8,https://www.imdb.com/find/?q=Papanasam
Indru Netru Naalai,Comedy,8.0,R. Ravikumar,Vishnu Vishal,3339,2015.0,5.0,9.0,7.333333333,https://www.imdb.com/find/?q=IndruNetruNaalai
Demonte Colony,Horror,6.9,R. Ajay Gnanamuthu,Arulnithi,1725,2015.0,8.0,9.0,7.966666667,https://www.imdb.com/find/?q=DemonteColony
36 Vayadhinile,Drama,7.1,Roshan Andrews,Jyotika,647,2015.0,5.0,8.0,6.7,https://www.imdb.com/find/?q=36Vayadhinile
Uttama Villain,Comedy,7.2,Ramesh Aravind,Kamal Haasan,2561,2015.0,7.0,7.0,7.066666667,https://www.imdb.com/find/?q=UttamaVillain
Kanchana 2,Comedy,5.5,Lawrence Raghavendra,Lawrence Raghavendra,1261,2015.0,8.0,8.0,7.166666667,https://www.imdb.com/find/?q=Kanchana2
OK Kanmani,Romance,7.4,Mani Ratnam,Dulquer Salmaan,4611,2015.0,6.0,9.0,7.466666667,https://www.imdb.com/find/?q=OKKanmani
Rajathandhiram,Action,7.7,A.G. Amid,Veera Bahu,1154,2015.0,3.0,8.0,6.233333333,https://www.imdb.com/find/?q=Rajathandhiram
Enakkul Oruvan,Thriller,7.7,Prasad Ramar,Siddharth,1456,2015.0,2.0,7.0,5.566666667,https://www.imdb.com/find/?q=EnakkulOruvan
Press 1 for Tamil,Comedy,7.0,Ramprakash Rayappa,Nakhul,850,2015.0,4.0,8.0,6.333333333,https://www.imdb.com/find/?q=Press1forTamil
Yennai Arindhaal,Action,7.3,Gautham Vasudev Menon,Ajith Kumar,7740,2015.0,7.0,9.0,7.766666667,https://www.imdb.com/find/?q=YennaiArindhaal
I,Action,7.3,S. Shankar,Vikram,18345,2015.0,8.0,9.0,8.1,https://www.imdb.com/find/?q=I
Dhuruvangal Pathinaaru,Action,8.4,Karthick Naren,Rahman,10895,2016.0,5.0,8.0,7.133333333,https://www.imdb.com/find/?q=DhuruvangalPathinaaru
Chennai 600028 Second Innings,Comedy,7.0,Venkat Prabhu,Jai,937,2016.0,1.0,7.0,5.0,https://www.imdb.com/find/?q=Chennai600028SecondInnings
Achcham Yenbadhu Madamaiyada,Action,6.4,Gautham Vasudev Menon,T.R. Silambarasan,1896,2016.0,6.0,7.0,6.466666667,https://www.imdb.com/find/?q=AchchamYenbadhuMadamaiyada
Ammani,Drama,7.9,Lakshmi Ramakrishnan,Semmalar Annam,52730,2016.0,9.0,7.0,7.966666667,https://www.imdb.com/find/?q=Ammani
Aandavan Kattalai,Drama,8.1,M. Manikandan,Vijay Sethupathi,2060,2016.0,8.0,8.0,8.033333333,https://www.imdb.com/find/?q=AandavanKattalai
Kuttrame Thandanai,Crime,7.8,M. Manikandan,Vidharth,60939,2016.0,7.0,7.0,7.266666667,https://www.imdb.com/find/?q=KuttrameThandanai
Dharmadurai,Drama,7.5,Seenu Ramasamy,Vijay Sethupathi,1568,2016.0,8.0,9.0,8.166666667,https://www.imdb.com/find/?q=Dharmadurai
Joker,Comedy,8.4,Raju Murugan,Raju Saravanan,2830,2016.0,5.0,9.0,7.466666667,https://www.imdb.com/find/?q=Joker
Kabali,Action,6.2,Pa. Ranjith,Rajinikanth,11149,2016.0,8.0,8.0,7.4,https://www.imdb.com/find/?q=Kabali
Metro,Action,7.3,Ananda Krishnan,Shirish,697,2016.0,5.0,9.0,7.1,https://www.imdb.com/find/?q=Metro
Iraivi,Crime,8.0,Karthik Subbaraj,S.J. Suryah,2736,2016.0,9.0,8.0,8.333333333,https://www.imdb.com/find/?q=Iraivi
Uriyadi,Action,8.1,Vijay Kumar,Vijay Kumar,1878,2016.0,8.0,7.0,7.7,https://www.imdb.com/find/?q=Uriyadi
24,Action,7.8,Vikram K. Kumar,Suriya,15774,2016.0,7.0,8.0,7.6,https://www.imdb.com/find/?q=24
Theri,Action,7.1,Atlee Kumar,Joseph Vijay,12365,2016.0,8.0,9.0,8.033333333,https://www.imdb.com/find/?q=Theri
Oopiri,Comedy,8.0,Vamshi Paidipally,Nagarjuna Akkineni,3915,2016.0,9.0,9.0,8.666666667,https://www.imdb.com/find/?q=Oopiri
Kadhalum Kadanthu Pogum,Comedy,7.3,Nalan Kumarasamy,Vijay Sethupathi,2407,2016.0,8.0,8.0,7.766666667,https://www.imdb.com/find/?q=KadhalumKadanthuPogum
Pichaikkaran,Action,7.6,Sasi,Vijay Antony,1437,2016.0,7.0,9.0,7.866666667,https://www.imdb.com/find/?q=Pichaikkaran
Saala Khadoos,Action,7.6,Sudha Kongara,Madhavan,10941,2016.0,8.0,8.0,7.866666667,https://www.imdb.com/find/?q=SaalaKhadoos
Crime 23,Action,7.4,Arivazhagan Venkatachalam,Arun Vijay,1915,2017.0,4.0,9.0,6.8,https://www.imdb.com/find/?q=Crime23
Muthuramalingam,Action,1.6,Rajadurai,Priya Anand,14063,2017.0,5.0,9.0,5.2,https://www.imdb.com/find/?q=Muthuramalingam
Dream Factory,Drama,6.7,Arun Chidambaram,Jiya Anil Manne,124,2017.0,6.0,8.0,6.9,https://www.imdb.com/find/?q=DreamFactory
Yaman,Action,6.2,Jeeva Shankar,Vijay Antony,454,2017.0,9.0,8.0,7.733333333,https://www.imdb.com/find/?q=Yaman
Ennodu Vilayadu,Thriller,5.6,Arun Krishnaswami,Bharath Srinivasan,77,2017.0,8.0,7.0,6.866666667,https://www.imdb.com/find/?q=EnnoduVilayadu
Kadhal Kan Kattudhe,Drama,6.5,Shivaraj,Aneeruth,30623,2017.0,7.0,8.0,7.166666667,https://www.imdb.com/find/?q=KadhalKanKattudhe
Pagadi Aattam,Crime,5.8,Ram K. Chandran,Rahman,79,2017.0,4.0,9.0,6.266666667,https://www.imdb.com/find/?q=PagadiAattam
Rum,Horror,4.2,Sai Bharath,Arjun Chidambaram,118,2017.0,5.0,9.0,6.066666667,https://www.imdb.com/find/?q=Rum
Singam 3,Action,6.3,Hari,Suriya,5063,2017.0,8.0,8.0,7.433333333,https://www.imdb.com/find/?q=Singam3
Bogan,Action,6.4,Lakshman,Jayam Ravi,1358,2017.0,9.0,8.0,7.8,https://www.imdb.com/find/?q=Bogan
Enakku Vaaitha Adimaigal,Comedy,5.8,Mahendran Rajamani,Jai,399,2017.0,8.0,7.0,6.933333333,https://www.imdb.com/find/?q=EnakkuVaaithaAdimaigal
Koditta Idangalai Nirappuga,Comedy,6.4,Parthiban,Shanthnu Bhagyaraj,65921,2017.0,7.0,8.0,7.133333333,https://www.imdb.com/find/?q=KodittaIdangalaiNirappuga
Adhe Kangal,Action,7.3,Rohin Venkatesan,R. Aravindraj,961,2017.0,4.0,9.0,6.766666667,https://www.imdb.com/find/?q=AdheKangal
Bairavaa,Action,5.9,Bharathan,Joseph Vijay,7376,2017.0,5.0,9.0,6.633333333,https://www.imdb.com/find/?q=Bairavaa
Lens,Drama,6.9,Jayaprakash Radhakrishnan,Anand Sami,942,2017.0,8.0,8.0,7.633333333,https://www.imdb.com/find/?q=Lens
Aruvi,Drama,8.6,Arun Prabhu Purushothaman,Aditi Balan,9890,2017.0,7.0,7.0,7.533333333,https://www.imdb.com/find/?q=Aruvi
Ulkuththu,Thriller,6.7,Caarthick Raju,Dr. Chef Damodaran,17655,2017.0,9.0,8.0,7.9,https://www.imdb.com/find/?q=Ulkuththu
Balloon,Horror,4.6,Sinish,Anjali,274,2017.0,5.0,9.0,6.2,https://www.imdb.com/find/?q=Balloon
Kalavaadiya Pozhuthugal,Romance,6.1,Thangar Bachan,Bhoomika Chawla,48,2017.0,8.0,8.0,7.366666667,https://www.imdb.com/find/?q=KalavaadiyaPozhuthugal
Velaikkaran,Action,7.3,Mohan Raja,Sivakarthikeyan,2984,2017.0,6.0,7.0,6.766666667,https://www.imdb.com/find/?q=Velaikkaran
Sakka Podu Podu Raja,Action,4.2,G.L. Sethuraman,Aryan,357,2017.0,9.0,8.0,7.066666667,https://www.imdb.com/find/?q=SakkaPoduPoduRaja
Bhrama.com,Action,5.1,P.S. Vijayakumar,Bhagyaraj,64,2017.0,7.0,9.0,7.033333333,https://www.imdb.com/find/?q=Bhrama.com
Chennai 2 Singapore,Comedy,6.1,Abbas Akbaar,Abbas Akbar,137,2017.0,8.0,8.0,7.366666667,https://www.imdb.com/find/?q=Chennai2Singapore
12/12/1950,Comedy,5.4,Selvaah,Yogi Babu,69977,2017.0,8.0,7.0,6.8,https://www.imdb.com/find/?q=12/12/1950
Kodiveeran,Action,4.8,M. Muthaiya,Gnanasambandam,117,2017.0,9.0,8.0,7.266666667,https://www.imdb.com/find/?q=Kodiveeran
Richie,Action,5.3,Gautham Ramachandran,Nivin Pauly,706,2017.0,9.0,9.0,7.766666667,https://www.imdb.com/find/?q=Richie
Annadurai,Action,5.3,G. Srinivasan,Vijay Antony,213,2017.0,7.0,8.0,6.766666667,https://www.imdb.com/find/?q=Annadurai
Thiruttu Payale 2,Thriller,6.7,Susi Ganesan,Bobby Simha,658,2017.0,8.0,9.0,7.9,https://www.imdb.com/find/?q=ThiruttuPayale2
English Padam,Comedy,1.2,Kumaresh Kumar,Sreeja Das,24,2017.0,4.0,8.0,4.4,https://www.imdb.com/find/?q=EnglishPadam
Indrajith,Action,3.3,Kalaprabhu Thanu,Gautham Karthik,150,2017.0,5.0,8.0,5.433333333,https://www.imdb.com/find/?q=Indrajith
En Aaloda Seruppa Kaanom,Comedy,5.0,Jagan,K.P. Jagan,61,2017.0,8.0,9.0,7.333333333,https://www.imdb.com/find/?q=EnAalodaSeruppaKaanom
Theeran Adhigaram Ondru,Action,8.2,H. Vinoth,Karthi,8685,2017.0,4.0,8.0,6.733333333,https://www.imdb.com/find/?q=TheeranAdhigaramOndru
C/o Surya,Action,5.6,Suseenthiran,Sundeep Kishan,175,2017.0,7.0,9.0,7.2,https://www.imdb.com/find/?q=C/oSurya
Ippadai Vellum,Action,5.7,Gaurav Narayanan,Udhayanidhi Stalin,272,2017.0,8.0,8.0,7.233333333,https://www.imdb.com/find/?q=IppadaiVellum
Aramm,Drama,7.8,Gopi Nainar,Nayanthara,1411,2017.0,5.0,7.0,6.6,https://www.imdb.com/find/?q=Aramm
The House Next Door,Horror,6.8,Milind Rau,Prakash Belawadi,1854,2017.0,8.0,7.0,7.266666667,https://www.imdb.com/find/?q=TheHouseNextDoor
Vizhithiru,Drama,5.9,Meera Kathiravan,Abhinaya,103,2017.0,9.0,8.0,7.633333333,https://www.imdb.com/find/?q=Vizhithiru
Kadaisi Bench Karthi,Comedy,4.1,Ravee Paargavan,Gnanasambandam,36,2017.0,8.0,9.0,7.033333333,https://www.imdb.com/find/?q=KadaisiBenchKarthi
Mersal,Action,7.7,Atlee Kumar,Joseph Vijay,23383,2017.0,8.0,8.0,7.9,https://www.imdb.com/find/?q=Mersal
Meyaadha Maan,Romance,7.2,Rathna Kumar,Vaibhav Reddy,870,2017.0,8.0,7.0,7.4,https://www.imdb.com/find/?q=MeyaadhaMaan
Solo,Action,7.1,Bejoy Nambiar,Dulquer Salmaan,2772,2017.0,4.0,8.0,6.366666667,https://www.imdb.com/find/?q=Solo
Hara Hara Mahadevaki,Comedy,5.3,Santhosh P. Jayakumar,Kovai Babu,450,2017.0,7.0,9.0,7.1,https://www.imdb.com/find/?q=HaraHaraMahadevaki
Karuppan,Action,5.6,R. Panneerselvam,Sami Rajalingam,520,2017.0,5.0,8.0,6.2,https://www.imdb.com/find/?q=Karuppan
Spyder,Action,6.6,A.R. Murugadoss,Mahesh Babu,8652,2017.0,7.0,7.0,6.866666667,https://www.imdb.com/find/?q=Spyder
Bayama Irukku,Comedy,5.3,Jawahar,Santhosh Prathap,70,2017.0,3.0,8.0,5.433333333,https://www.imdb.com/find/?q=BayamaIrukku
Aayirathil Iruvar,Action,4.6,Saran,Vinay Rai,57587,2017.0,5.0,9.0,6.2,https://www.imdb.com/find/?q=AayirathilIruvar
Kalavu Thozhirchalai,Thriller,5.9,T Krishna Samy,T. Krishnasamy,25,2017.0,6.0,8.0,6.633333333,https://www.imdb.com/find/?q=KalavuThozhirchalai
Veedevadu,Thriller,5.5,Tatineni Satya,Esha Gupta,44,2017.0,2.0,7.0,4.833333333,https://www.imdb.com/find/?q=Veedevadu
Thupparivaalan,Action,7.5,Myshkin,Vishal,3405,2017.0,8.0,8.0,7.833333333,https://www.imdb.com/find/?q=Thupparivaalan
Kathanayagan,Comedy,4.2,Tha. Muruganatham,Meera Krishna,30228,2017.0,7.0,9.0,6.733333333,https://www.imdb.com/find/?q=Kathanayagan
Neruppu Da,Action,4.3,Nikki Galrani,Nagineedu,10330,2017.0,8.0,9.0,7.1,https://www.imdb.com/find/?q=NeruppuDa
Kurangu Bommai,Drama,8.1,Nithilan,Vidharth,1093,2017.0,7.0,8.0,7.7,https://www.imdb.com/find/?q=KuranguBommai
Maayavan,Action,7.3,C.V. Kumar,Sundeep Kishan,1468,2017.0,2.0,9.0,6.1,https://www.imdb.com/find/?q=Maayavan
Puriyaatha Puthir,Thriller,6.6,Ranjit Jeyakodi,Vijay Sethupathi,771,2017.0,8.0,9.0,7.866666667,https://www.imdb.com/find/?q=PuriyaathaPuthir
Vivegam,Action,5.6,Siva,Ajith Kumar,10389,2017.0,9.0,8.0,7.533333333,https://www.imdb.com/find/?q=Vivegam
Thappu Thanda,Crime,6.0,Srikantan,Ajay Ghosh,42,2017.0,7.0,8.0,7.0,https://www.imdb.com/find/?q=ThappuThanda
Taramani,Drama,7.5,Ram,Anjali,1252,2017.0,4.0,7.0,6.166666667,https://www.imdb.com/find/?q=Taramani
Velaiyilla Pattathari 2,Action,5.4,Soundarya R. Ashwin,Riaz Ahmed,1783,2017.0,8.0,8.0,7.133333333,https://www.imdb.com/find/?q=VelaiyillaPattathari2
Podhuvaga En Manasu Thangam,Comedy,3.8,Thalapathy Prabhu,Parthiban,115,2017.0,5.0,9.0,5.933333333,https://www.imdb.com/find/?q=PodhuvagaEnManasuThangam
Kootathil Oruthan,Comedy,6.7,T.J. Gnanavel,Ashok Selvan,363,2017.0,7.0,8.0,7.233333333,https://www.imdb.com/find/?q=KootathilOruthan
Nibunan,Action,6.6,Arun Vaidyanathan,Varalaxmi Sarathkumar,782,2017.0,4.0,9.0,6.533333333,https://www.imdb.com/find/?q=Nibunan
Meesaya murukku,Biography,7.6,Hiphop Tamizha Adhi,Hiphop Tamizha Adhi,1869,2017.0,8.0,9.0,8.2,https://www.imdb.com/find/?q=Meesayamurukku
Vikram Vedha,Action,8.7,Gayatri,Pushkar,23249,2017.0,9.0,8.0,8.566666667,https://www.imdb.com/find/?q=VikramVedha
Rubaai,Action,6.1,M. Anbazhagan,Anandhi,41952,2017.0,8.0,7.0,7.033333333,https://www.imdb.com/find/?q=Rubaai
Magalir Mattum,Drama,6.3,Bramma G.,Jyotika,455,2017.0,9.0,7.0,7.433333333,https://www.imdb.com/find/?q=MagalirMattum
Pandigai,Action,6.5,Feroz,Kreshna,245,2017.0,7.0,8.0,7.166666667,https://www.imdb.com/find/?q=Pandigai
Thiri,Drama,5.2,Ashok Amritharaj S.,A.L. Azhagappan,33926,2017.0,8.0,9.0,7.4,https://www.imdb.com/find/?q=Thiri
Gemini Ganesanum Suruli Rajanum,Comedy,5.8,Ilavarasu Odam,Regina Cassandra,387,2017.0,9.0,9.0,7.933333333,https://www.imdb.com/find/?q=GeminiGanesanumSuruliRajanum
Chennaiyil Oru Naal 2,Thriller,4.6,Jpr,Sarath Kumar,84,2017.0,7.0,8.0,6.533333333,https://www.imdb.com/find/?q=ChennaiyilOruNaal2
Ivan Thanthiran,Action,6.3,R. Kannan,RJ Balaji,28334,2017.0,8.0,7.0,7.1,https://www.imdb.com/find/?q=IvanThanthiran
Adhagappattathu Magajanangalay,Comedy,5.0,Inba Sekhar,Inbasekhar,19592,2017.0,9.0,7.0,7.0,https://www.imdb.com/find/?q=AdhagappattathuMagajanangalay
Yaanum Theeyavan,Action,6.1,Prashanth G Sekr,Prashanth G Sekar,26862,2017.0,8.0,8.0,7.366666667,https://www.imdb.com/find/?q=YaanumTheeyavan
Vanamagan,Action,5.5,A.L. Vijay,Arjun,599,2017.0,7.0,9.0,7.166666667,https://www.imdb.com/find/?q=Vanamagan
Anbanavan Asaradhavan Adangadhavan,Action,2.3,Adhik Ravichandran,Tamannaah Bhatia,510,2017.0,5.0,9.0,5.433333333,https://www.imdb.com/find/?q=AnbanavanAsaradhavanAdangadhavan
Maragatha Nananya,Adventure,7.0,Ark Saravan,Aadhi,1144,2017.0,8.0,7.0,7.333333333,https://www.imdb.com/find/?q=MaragathaNananya
Uru,Thriller,5.9,Vicky Anand,Vicky Anand,275,2017.0,8.0,8.0,7.3,https://www.imdb.com/find/?q=Uru
Peechaankai,Comedy,6.5,Ashok,Rskarthiik,53,2017.0,3.0,8.0,5.833333333,https://www.imdb.com/find/?q=Peechaankai
Rangoon,Action,7.1,Rajkumar Periasamy,Gautham Karthik,560,2017.0,8.0,7.0,7.366666667,https://www.imdb.com/find/?q=Rangoon
Sathriyan,Action,4.8,Vikram Prabhu,Manjima Mohan,51758,2017.0,7.0,8.0,6.6,https://www.imdb.com/find/?q=Sathriyan
Bongu,Crime,5.3,Taj,Pooja Bisht,93,2017.0,8.0,7.0,6.766666667,https://www.imdb.com/find/?q=Bongu
Oru Kidayin Karunai Manu,Drama,7.7,Suresh Sangaiah,Suresh Sangaiah,276,2017.0,9.0,8.0,8.233333333,https://www.imdb.com/find/?q=OruKidayinKarunaiManu
Oru Iyakkunarin Kadhal Diary,Drama,6.4,V Brabhakar,Velu Prabhakaran,15560,2017.0,8.0,9.0,7.8,https://www.imdb.com/find/?q=OruIyakkunarinKadhalDiary
7 Naatkal,Thriller,4.4,Gautham V.R.,M.S. Bhaskar,14763,2017.0,7.0,9.0,6.8,https://www.imdb.com/find/?q=7Naatkal
Thondan,Crime,6.0,Samuthirakani,Arthana Binu,242,2017.0,4.0,8.0,6.0,https://www.imdb.com/find/?q=Thondan
Brindavanam,Drama,6.8,Radha Mohan,Arulnithi,1061,2017.0,8.0,8.0,7.6,https://www.imdb.com/find/?q=Brindavanam
Inayathalam,Drama,2.9,Sankar Suresh,Shankar-Suresh,59340,2017.0,5.0,9.0,5.633333333,https://www.imdb.com/find/?q=Inayathalam
Sangili Bungili Kadhava Thorae,Comedy,5.3,Ike Radha,Nivas Adithan,3026,2017.0,6.0,8.0,6.433333333,https://www.imdb.com/find/?q=SangiliBungiliKadhavaThorae
Yeidhavan,Action,6.0,Sakthi Rajasekaran,Sandra Amy,71417,2017.0,3.0,9.0,6.0,https://www.imdb.com/find/?q=Yeidhavan
Saravanan Irukka Bayamaen,Action,2.9,Ezhil,Karai Natrajan,159,2017.0,2.0,8.0,4.3,https://www.imdb.com/find/?q=SaravananIrukkaBayamaen
Enga Amma Rani,Action,6.1,S. Bani,Dhansika,47566,2017.0,1.0,9.0,5.366666667,https://www.imdb.com/find/?q=EngaAmmaRani
Baahubali 2: The Conclusion,Action,8.2,S.S. Rajamouli,Prabhas,71418,2017.0,4.0,8.0,6.733333333,https://www.imdb.com/find/?q=Baahubali2:TheConclusion
Nagarvalam,Drama,5.8,Marxx,Yogi Babu,35314,2017.0,7.0,9.0,7.266666667,https://www.imdb.com/find/?q=Nagarvalam
Sathya,Action,2.7,Deepan,Roma Asrani,110,2017.0,8.0,8.0,6.233333333,https://www.imdb.com/find/?q=Sathya
Kadamban - Taqatwar,Action,5.4,N. Ragavan,Arya,363,2017.0,5.0,9.0,6.466666667,https://www.imdb.com/find/?q=Kadamban-Taqatwar
Sivalinga - Kanchana Returns,Horror,4.7,P. Vasu,Bhanupriya,361,2017.0,6.0,7.0,5.9,https://www.imdb.com/find/?q=Sivalinga-KanchanaReturns
Power Paandi,Action,7.6,Dhanush,Dhanush,1179,2017.0,9.0,7.0,7.866666667,https://www.imdb.com/find/?q=PowerPaandi
8 Thottakkal,Action,7.6,Sri Ganesh,Vetri,1394,2017.0,4.0,8.0,6.533333333,https://www.imdb.com/find/?q=8Thottakkal
Kaatru Veliyidai,Romance,5.9,Mani Ratnam,Karthi,1669,2017.0,7.0,9.0,7.3,https://www.imdb.com/find/?q=KaatruVeliyidai
Dora,Action,5.3,Dass Ramasamy,Nayanthara,701,2017.0,4.0,8.0,5.766666667,https://www.imdb.com/find/?q=Dora
Kavan,Action,7.1,K.V. Anand,Vijay Sethupathi,1853,2017.0,5.0,9.0,7.033333333,https://www.imdb.com/find/?q=Kavan
Kadugu,Drama,7.5,Vijay Milton,Radhika Prasidhha,482,2017.0,4.0,8.0,6.5,https://www.imdb.com/find/?q=Kadugu
Paambhu Sattai,Action,6.2,Adam Dasan,Bobby Simha,125,2017.0,8.0,9.0,7.733333333,https://www.imdb.com/find/?q=PaambhuSattai
Dhayam,Thriller,4.6,Kannan Rangaswamy,Aira Agarval,32535,2017.0,5.0,8.0,5.866666667,https://www.imdb.com/find/?q=Dhayam
Vaigai Express,Thriller,4.6,Shaji Kailas,Shaji Kailas,23,2017.0,6.0,7.0,5.866666667,https://www.imdb.com/find/?q=VaigaiExpress
Julieum 4 Perum,Family,3.4,Satheesh,Amudhavaanan,7,2017.0,9.0,7.0,6.466666667,https://www.imdb.com/find/?q=Julieum4Perum
Bruce Lee,Action,2.4,Prashanth Pandiraj,Anandraj,146,2017.0,8.0,8.0,6.133333333,https://www.imdb.com/find/?q=BruceLee
Kattappava Kanom,Comedy,5.1,Mani Seiyon,Yogi Babu,28454,2017.0,7.0,8.0,6.7,https://www.imdb.com/find/?q=KattappavaKanom
Oru Mugathirai,Drama,5.7,R. Senthil Nadan,Chaams,65651,2017.0,4.0,8.0,5.9,https://www.imdb.com/find/?q=OruMugathirai
Maanagaram,Action,8.1,Lokesh Kanagaraj,Sundeep Kishan,3350,2017.0,5.0,9.0,7.366666667,https://www.imdb.com/find/?q=Maanagaram
ACP Shiva,Action,3.3,Sai Ramani,Joy Badlani,352,2017.0,8.0,9.0,6.766666667,https://www.imdb.com/find/?q=ACPShiva
Mupparimanam,Romance,5.5,Adhiroopan,Aari,35706,2017.0,9.0,8.0,7.5,https://www.imdb.com/find/?q=Mupparimanam
Yaakkai,Romance,5.6,Kuzhandai Velappan,M.S. Bhaskar,48519,2017.0,6.0,7.0,6.2,https://www.imdb.com/find/?q=Yaakkai
Peranbu,Drama,9.0,Ram,Amudhavan Karuppiah,11506,2018.0,8.0,7.0,8.0,https://www.imdb.com/find/?q=Peranbu
Maari 2,Action,5.6,Balaji Mohan,Dhanush,1913,2018.0,7.0,8.0,6.866666667,https://www.imdb.com/find/?q=Maari2
Adanga Maru,Action,7.1,Karthik Thangavel,Jayam Ravi,1696,2018.0,4.0,9.0,6.7,https://www.imdb.com/find/?q=AdangaMaru
Kanaa,Drama,7.8,Arunraja Kamaraj,Aishwarya Rajesh,1225,2018.0,5.0,8.0,6.933333333,https://www.imdb.com/find/?q=Kanaa
Seethakaathi,Drama,7.0,Balaji Tharaneetharan,Vijay Sethupathi,714,2018.0,8.0,9.0,8.0,https://www.imdb.com/find/?q=Seethakaathi
Thuppakki Munai,Action,6.3,Dinesh Selvaraj,Vikram Prabhu,370,2018.0,9.0,8.0,7.766666667,https://www.imdb.com/find/?q=ThuppakkiMunai
Thuppakki Munai,Action,6.3,Dinesh Selvaraj,Vikram Prabhu,370,2018.0,8.0,9.0,7.766666667,https://www.imdb.com/find/?q=ThuppakkiMunai
2,Action,6.3,S. Shankar,Rajinikanth,20076,2018.0,7.0,8.0,7.1,https://www.imdb.com/find/?q=2
Kaatrin Mozhi,Comedy,7.3,Radha Mohan,Jyotika,559,2018.0,8.0,9.0,8.1,https://www.imdb.com/find/?q=KaatrinMozhi
Sarkar,Action,6.8,A.R. Murugadoss,Joseph Vijay,11994,2018.0,9.0,8.0,7.933333333,https://www.imdb.com/find/?q=Sarkar
Pandem Kodi 2,Action,5.2,N. Linguswamy,Vishal,632,2018.0,5.0,9.0,6.4,https://www.imdb.com/find/?q=PandemKodi2
Vada Chennai,Action,8.5,Vetrimaaran,Dhanush,8841,2018.0,8.0,8.0,8.166666667,https://www.imdb.com/find/?q=VadaChennai
Aan Devathai,Action,6.4,Thamira,Ilavarasu,120,2018.0,7.0,9.0,7.466666667,https://www.imdb.com/find/?q=AanDevathai
Raatchasan,Action,8.7,Ram Kumar,Vishnu Vishal,17425,2018.0,8.0,8.0,8.233333333,https://www.imdb.com/find/?q=Raatchasan
Nota,Drama,6.4,Anand Shankar,Vijay Deverakonda,2306,2018.0,9.0,9.0,8.133333333,https://www.imdb.com/find/?q=Nota
96,Drama,8.6,C. Prem Kumar,Vijay Sethupathi,15523,2018.0,8.0,8.0,8.2,https://www.imdb.com/find/?q=96
Pariyerum Perumal,Drama,8.8,Mari Selvaraj,Prabunath,6984,2018.0,7.0,9.0,8.266666667,https://www.imdb.com/find/?q=PariyerumPerumal
Chekka Chivantha Vaanam,Action,7.3,Mani Ratnam,Slavisa Ivanovic,5118,2018.0,8.0,8.0,7.766666667,https://www.imdb.com/find/?q=ChekkaChivanthaVaanam
Raja Ranguski,Mystery,6.6,Dharani Dharan,Shirish,262,2018.0,9.0,7.0,7.533333333,https://www.imdb.com/find/?q=RajaRanguski
Saamy Square,Action,4.5,Hari,Vikram,1090,2018.0,9.0,8.0,7.166666667,https://www.imdb.com/find/?q=SaamySquare
U Turn,Mystery,7.0,Pawan Kumar,Samantha Ruth Prabhu,2292,2018.0,7.0,9.0,7.666666667,https://www.imdb.com/find/?q=UTurn
Seema Raja,Action,4.5,Ponram,Sivakarthikeyan,1405,2018.0,5.0,8.0,5.833333333,https://www.imdb.com/find/?q=SeemaRaja
Imaikkaa Nodigal,Action,7.4,R. Ajay Gnanamuthu,Nayanthara,4206,2018.0,8.0,7.0,7.466666667,https://www.imdb.com/find/?q=ImaikkaaNodigal
Lakshmi,Drama,6.9,A.L. Vijay,Ditya Bhande,476,2018.0,5.0,8.0,6.633333333,https://www.imdb.com/find/?q=Lakshmi
Odu Raja Odu,Comedy,7.1,Jathin Sanker Raj,Nishanth Ravindaran,86,2018.0,9.0,9.0,8.366666667,https://www.imdb.com/find/?q=OduRajaOdu
Kolamavu Kokila,Comedy,7.3,Nelson,Nayanthara,1976,2018.0,6.0,8.0,7.1,https://www.imdb.com/find/?q=KolamavuKokila
Pyaar Prema Kaadhal,Romance,6.6,Elan,Harish Kalyan,872,2018.0,5.0,7.0,6.2,https://www.imdb.com/find/?q=PyaarPremaKaadhal
Vishwaroopam 2,Action,5.9,Vishwaroopam,Kamal Haasan,2076,2018.0,4.0,8.0,5.966666667,https://www.imdb.com/find/?q=Vishwaroopam2
Ghajinikanth,Comedy,5.3,Santhosh P. Jayakumar,Arya,437,2018.0,1.0,9.0,5.1,https://www.imdb.com/find/?q=Ghajinikanth
Junga,Action,5.2,Gokul,Vijay Sethupathi,774,2018.0,2.0,8.0,5.066666667,https://www.imdb.com/find/?q=Junga
Mohini,Horror,3.3,R. Madhesh,Trisha Krishnan,41485,2018.0,3.0,7.0,4.433333333,https://www.imdb.com/find/?q=Mohini
Chinababu,Action,7.0,Pandiraj,Karthi,1896,2018.0,6.0,8.0,7.0,https://www.imdb.com/find/?q=Chinababu
Tamizh Padam 2.0,Comedy,6.5,C.S. Amudhan,Jiiva,1286,2018.0,9.0,9.0,8.166666667,https://www.imdb.com/find/?q=TamizhPadam2.0
Goli Soda 2,Drama,7.3,Vijay Milton,Samuthirakani,642,2018.0,8.0,8.0,7.766666667,https://www.imdb.com/find/?q=GoliSoda2
Iravukku Aayiram Kangal,Action,7.3,Mu. Maran,Abhinayashree,978,2018.0,7.0,9.0,7.766666667,https://www.imdb.com/find/?q=IravukkuAayiramKangal
Irumbu Thirai,Action,7.7,P.S. Mithran,Vishal,3373,2018.0,8.0,8.0,7.9,https://www.imdb.com/find/?q=IrumbuThirai
Mahanati,Biography,8.5,Savitri,Nag Ashwin,8703,2018.0,5.0,9.0,7.5,https://www.imdb.com/find/?q=Mahanati
Iruttu Araiyil Murattu Kuthu,Horror,4.2,Santhosh P. Jayakumar,Yaashika Aanand,700,2018.0,6.0,9.0,6.4,https://www.imdb.com/find/?q=IruttuAraiyilMurattuKuthu
Kaala,Action,6.7,Pa. Ranjith,Rajinikanth,7486,2018.0,5.0,8.0,6.566666667,https://www.imdb.com/find/?q=Kaala
Karu,Drama,5.7,A.L. Vijay,Sai Pallavi,416,2018.0,4.0,8.0,5.9,https://www.imdb.com/find/?q=Karu
Mercury,Horror,6.1,Karthik Subbaraj,Prabhu Deva,827,2018.0,5.0,8.0,6.366666667,https://www.imdb.com/find/?q=Mercury
Tik Tik Tik,Action,6.1,Shakti Soundar Rajan,Jayam Ravi,2172,2018.0,8.0,7.0,7.033333333,https://www.imdb.com/find/?q=TikTikTik
6 Athiyayam,Horror,4.2,Ajayan Bala,Lokesh Rajendran,32,2018.0,8.0,8.0,6.733333333,https://www.imdb.com/find/?q=6Athiyayam
Naachiyaar,Action,6.8,Bala,Ivana,6140,2018.0,5.0,7.0,6.266666667,https://www.imdb.com/find/?q=Naachiyaar
Savarakathi,Comedy,7.1,G.R. Adithya,Ram,420,2018.0,5.0,8.0,6.7,https://www.imdb.com/find/?q=Savarakathi
Kalakalappu 2,Comedy,4.9,Sundar C.,Yogi Babu,572,2018.0,7.0,9.0,6.966666667,https://www.imdb.com/find/?q=Kalakalappu2
Merku Thodarchi Malai,Drama,8.6,Lenin Bharati,Leninbharati,35981,2018.0,8.0,8.0,8.2,https://www.imdb.com/find/?q=MerkuThodarchiMalai
Bhaagamathie,Action,7.0,Ashok G.,Anushka Shetty,2209,2018.0,9.0,9.0,8.333333333,https://www.imdb.com/find/?q=Bhaagamathie
Nimir,Comedy,6.3,Priya Darshan,Priyadarshan,55126,2018.0,8.0,7.0,7.1,https://www.imdb.com/find/?q=Nimir
Oru Nalla Naal Paathu Solren,Comedy,6.8,P. Arumugakumar,Annayya,1877,2018.0,7.0,8.0,7.266666667,https://www.imdb.com/find/?q=OruNallaNaalPaathuSolren
Thaanaa Serndha Koottam,Action,6.8,Vignesh Shivan,Suriya,4655,2018.0,5.0,9.0,6.933333333,https://www.imdb.com/find/?q=ThaanaaSerndhaKoottam
Sketch,Action,5.7,Vijay Chandar,Vikram,1589,2018.0,7.0,9.0,7.233333333,https://www.imdb.com/find/?q=Sketch
Enai Noki Paayum Thota,Action,5.7,Gautham Vasudev Menon,Dhanush,1198,2019.0,8.0,8.0,7.233333333,https://www.imdb.com/find/?q=EnaiNokiPaayumThota
Adithya Varma,Drama,6.4,Gireesaaya,Dhruv Vikram,596,2019.0,8.0,7.0,7.133333333,https://www.imdb.com/find/?q=AdithyaVarma
Kaithi,Action,8.5,Lokesh Kanagaraj,Karthi,7603,2019.0,9.0,8.0,8.5,https://www.imdb.com/find/?q=Kaithi
Bigil,Action,6.8,Atlee Kumar,Joseph Vijay,9299,2019.0,9.0,9.0,8.266666667,https://www.imdb.com/find/?q=Bigil
100% Kadhal,Comedy,4.6,M.M. Chandramouli,G.V. Prakash Kumar,76,2019.0,5.0,8.0,5.866666667,https://www.imdb.com/find/?q=100%Kadhal
Asuran,Action,8.6,Vetrimaaran,Dhanush,7792,2019.0,10.0,7.0,8.533333333,https://www.imdb.com/find/?q=Asuran
Kaappaan,Action,6.4,K.V. Anand,Suriya,3399,2019.0,8.0,8.0,7.466666667,https://www.imdb.com/find/?q=Kaappaan
Magamuni,Crime,7.9,Santha Kumar,Arya,1275,2019.0,9.0,9.0,8.633333333,https://www.imdb.com/find/?q=Magamuni
Saaho,Action,5.2,Sujeeth,Prabhas,14432,2019.0,1.0,8.0,4.733333333,https://www.imdb.com/find/?q=Saaho
Sixer,Comedy,5.7,Chachi,Vaibhav Reddy,219,2019.0,4.0,7.0,5.566666667,https://www.imdb.com/find/?q=Sixer
Bakrid,Drama,7.4,Jagadeesan Subu,Vikranth,222,2019.0,5.0,8.0,6.8,https://www.imdb.com/find/?q=Bakrid
Kennedy Club,Drama,5.4,Suseenthiran,M. Sasikumar,101,2019.0,2.0,8.0,5.133333333,https://www.imdb.com/find/?q=KennedyClub
Comali,Comedy,6.9,Pradeep Ranganathan,Jayam Ravi,1793,2019.0,10.0,9.0,8.633333333,https://www.imdb.com/find/?q=Comali
Nerkonda Paarvai,Action,8.2,H. Vinoth,Ajith Kumar,4876,2019.0,4.0,9.0,7.066666667,https://www.imdb.com/find/?q=NerkondaPaarvai
Jackpot,Action,5.2,Kalyaan,Jyotika,321,2019.0,7.0,8.0,6.733333333,https://www.imdb.com/find/?q=Jackpot
A1,Comedy,5.0,K. Johnson,Santhanam,347,2019.0,8.0,8.0,7.0,https://www.imdb.com/find/?q=A1
Aame,Drama,6.3,Rathna Kumar,Amala Paul,998,2019.0,9.0,9.0,8.1,https://www.imdb.com/find/?q=Aame
Kadaram Kondan,Action,5.7,Rajesh M. Selva,Vikram,1303,2019.0,8.0,8.0,7.233333333,https://www.imdb.com/find/?q=KadaramKondan
Sivappu Manjal Pachai,Action,7.1,Sasi,Siddharth,998,2019.0,10.0,9.0,8.7,https://www.imdb.com/find/?q=SivappuManjalPachai
Gurkha,Action,4.7,Sam Anton,Yogi Babu,194,2019.0,5.0,8.0,5.9,https://www.imdb.com/find/?q=Gurkha
Vennila Kabaddi Kuzhu 2,Action,5.1,Selva Sekaran,Appukutty,89,2019.0,9.0,9.0,7.7,https://www.imdb.com/find/?q=VennilaKabaddiKuzhu2
Bodhai Yeri Budhi Maari,Drama,6.6,Chandru,Charlie,43,2019.0,6.0,9.0,7.2,https://www.imdb.com/find/?q=BodhaiYeriBudhiMaari
Kalavani 2,Comedy,4.0,A. Sarkunam,Vimal,68,2019.0,5.0,10.0,6.333333333,https://www.imdb.com/find/?q=Kalavani2
Raatchasi,Drama,7.3,Sy Gowthamraj,Jyotika,729,2019.0,10.0,9.0,8.766666667,https://www.imdb.com/find/?q=Raatchasi
Jiivi,Drama,7.9,V.J. Gopinath,Vetri,997,2019.0,5.0,9.0,7.3,https://www.imdb.com/find/?q=Jiivi
Dharma Prabhu,Drama,4.6,S. Muthukumaran,Yogi Babu,153,2019.0,8.0,8.0,6.866666667,https://www.imdb.com/find/?q=DharmaPrabhu
House Owner,Drama,6.4,Lakshmi Ramakrishnan,Lovelyn Chandrasekhar,100,2019.0,5.0,7.0,6.133333333,https://www.imdb.com/find/?q=HouseOwner
Sindhubaadh,Action,5.1,S.U. Arun Kumar,Vijay Sethupathi,311,2019.0,9.0,8.0,7.366666667,https://www.imdb.com/find/?q=Sindhubaadh
Thumbaa,Adventure,5.8,Harish Ram L.H.,Kpy Bala,57,2019.0,8.0,9.0,7.6,https://www.imdb.com/find/?q=Thumbaa
Game Over,Drama,7.1,Ashwin Saravanan,Taapsee Pannu,5370,2019.0,9.0,9.0,8.366666667,https://www.imdb.com/find/?q=GameOver
Kolaigaran,Action,7.1,Andrew Louis,Vijay Antony,1080,2019.0,10.0,9.0,8.7,https://www.imdb.com/find/?q=Kolaigaran
NGK,Action,6.0,K. Selvaraghavan,Suriya,3093,2019.0,9.0,9.0,8.0,https://www.imdb.com/find/?q=NGK
Devi 2,Comedy,3.8,A.L. Vijay,Prabhu Deva,269,2019.0,5.0,7.0,5.266666667,https://www.imdb.com/find/?q=Devi2
Neeya 2,Horror,3.0,Suresh,Jai,78,2019.0,9.0,7.0,6.333333333,https://www.imdb.com/find/?q=Neeya2
Ayogya,Action,6.1,Venkat Mohan,Vishal,824,2019.0,8.0,9.0,7.7,https://www.imdb.com/find/?q=Ayogya
Kee,Action,5.1,Kalees,Jiiva,566,2019.0,7.0,8.0,6.7,https://www.imdb.com/find/?q=Kee
K-13,Action,6.1,Barath Neelakantan,Arulnithi,359,2019.0,8.0,6.0,6.7,https://www.imdb.com/find/?q=K-13
Mr. Local,Action,3.1,M. Rajesh,Sivakarthikeyan,750,2019.0,9.0,8.0,6.7,https://www.imdb.com/find/?q=Mr.Local
100,Action,6.5,Sam Anton,Atharvaa Murali,809,2019.0,5.0,9.0,6.833333333,https://www.imdb.com/find/?q=100
Vellai Pookal,Crime,7.2,Vivek Elangovan,Vivek,1229,2019.0,4.0,9.0,6.733333333,https://www.imdb.com/find/?q=VellaiPookal
Mehandi Circus,Drama,7.5,Raju Saravanan,Madhampatty Rangaraj,343,2019.0,7.0,8.0,7.5,https://www.imdb.com/find/?q=MehandiCircus
Kanchana 3,Action,4.2,Lawrence Raghavendra,Lawrence Raghavendra,1031,2019.0,8.0,8.0,6.733333333,https://www.imdb.com/find/?q=Kanchana3
Watchman,Thriller,5.1,A.L. Vijay,G.V. Prakash Kumar,234,2019.0,9.0,8.0,7.366666667,https://www.imdb.com/find/?q=Watchman
Gangs Of Madras,Action,5.5,C.V. Kumar,Daniel Balaji,4541,2019.0,8.0,9.0,7.5,https://www.imdb.com/find/?q=GangsOfMadras
Uriyadi 2,Action,7.2,Vijay Kumar,Vijay Kumar,622,2019.0,7.0,9.0,7.733333333,https://www.imdb.com/find/?q=Uriyadi2
Kuppathu Raja,Comedy,4.9,Baba Bhaskar,G.V. Prakash Kumar,105,2019.0,9.0,8.0,7.3,https://www.imdb.com/find/?q=KuppathuRaja
Natpe Thunai,Comedy,6.5,Parthiban Desingu,Hiphop Tamizha Adhi,671,2019.0,9.0,8.0,7.833333333,https://www.imdb.com/find/?q=NatpeThunai
Super Deluxe,Action,8.4,Thiagarajan Kumararaja,Vijay Sethupathi,7412,2019.0,7.0,8.0,7.8,https://www.imdb.com/find/?q=SuperDeluxe
Airaa,Drama,4.6,Sarjun,Nayanthara,548,2019.0,10.0,8.0,7.533333333,https://www.imdb.com/find/?q=Airaa
Agni Devi,Crime,5.3,Jpr,Sathish Krishnan,66,2019.0,9.0,8.0,7.433333333,https://www.imdb.com/find/?q=AgniDevi
Nedunalvaadai,Drama,7.3,Selvakannan,Elvis Alexander,33890,2019.0,8.0,7.0,7.433333333,https://www.imdb.com/find/?q=Nedunalvaadai
Ispade Rajavum Idhaya Raniyum,Drama,6.5,Ranjit Jeyakodi,Harish Kalyan,367,2019.0,7.0,7.0,6.833333333,https://www.imdb.com/find/?q=IspadeRajavumIdhayaRaniyum
Sathru,Thriller,6.0,Naveen Nanjundan,Master Ajithesh,219,2019.0,5.0,7.0,6.0,https://www.imdb.com/find/?q=Sathru
Boomerang,Action,5.6,R. Kannan,Atharvaa Murali,356,2019.0,7.0,6.0,6.2,https://www.imdb.com/find/?q=Boomerang
Thadam,Action,8.2,Magizh Thirumeni,Arun Vijay,3728,2019.0,8.0,6.0,7.4,https://www.imdb.com/find/?q=Thadam
90 ML,Comedy,3.3,Anita Udeep,Oviya,449,2019.0,9.0,8.0,6.766666667,https://www.imdb.com/find/?q=90ML
LKG,Comedy,6.9,Prabhu,RJ Balaji,983,2019.0,8.0,9.0,7.966666667,https://www.imdb.com/find/?q=LKG
Vantha Rajavathaan Varuven,Action,3.7,Sundar C.,T.R. Silambarasan,500,2019.0,9.0,8.0,6.9,https://www.imdb.com/find/?q=VanthaRajavathaanVaruven
Dhilluku Dhuddu 2,Comedy,5.3,Rambala,Santhanam,497,2019.0,7.0,9.0,7.1,https://www.imdb.com/find/?q=DhillukuDhuddu2
Dev,Action,4.8,Rajath Ravishankar,Karthi,724,2019.0,5.0,8.0,5.933333333,https://www.imdb.com/find/?q=Dev
Charlie Chaplin 2,Comedy,3.8,Sakthi Chidambaram,Prabhu Deva,215,2019.0,4.0,7.0,4.933333333,https://www.imdb.com/find/?q=CharlieChaplin2
Petta,Action,7.3,Karthik Subbaraj,Rajinikanth,7545,2019.0,8.0,8.0,7.766666667,https://www.imdb.com/find/?q=Petta
Viswasam,Action,6.7,Siva,Ajith Kumar,5907,2019.0,8.0,9.0,7.9,https://www.imdb.com/find/?q=Viswasam
Soorarai Pottru,Drama,9.1,Sudha Kongara,Suriya,87029,2020.0,9.0,9.0,9.033333333,https://www.imdb.com/find/?q=SooraraiPottru
Master,Action,8.1,Lokesh Kanagaraj,Vijay,120045,2021.0,8.0,8.0,8.033333333,https://www.imdb.com/find/?q=Master
Karnan,Drama,8.2,Mari Selvaraj,Dhanush,55324,2021.0,9.0,8.0,8.366666667,https://www.imdb.com/find/?q=Karnan
Vikram Vedha,Thriller,8.7,Pushkar-Gayathri,Madhavan,95000,2017.0,9.0,8.5,8.733333333,https://www.imdb.com/find/?q=VikramVedha
Kaala,Action,7.2,Pa. Ranjith,Rajinikanth,87045,2018.0,8.0,7.5,7.566666667,https://www.imdb.com/find/?q=Kaala
Visaranai,Crime,8.5,Vetrimaaran,Dinesh,42035,2016.0,7.0,8.0,7.833333333,https://www.imdb.com/find/?q=Visaranai
Asuran,Drama,8.6,Vetrimaaran,Dhanush,64092,2019.0,9.0,8.5,8.7,https://www.imdb.com/find/?q=Asuran
96,Romance,8.6,C. Prem Kumar,Vijay Sethupathi,76094,2018.0,9.0,8.5,8.7,https://www.imdb.com/find/?q=96
Aruvi,Drama,8.7,Arun Prabu Purushothaman,Aditi Balan,35087,2017.0,8.0,8.5,8.566666667,https://www.imdb.com/find/?q=Aruvi
Super Deluxe,Drama,8.4,Thiagarajan Kumararaja,Vijay Sethupathi,78529,2019.0,9.0,8.5,8.666666667,https://www.imdb.com/find/?q=SuperDeluxe
Kabali,Action,6.9,Pa. Ranjith,Rajinikanth,97029,2016.0,7.0,7.0,6.966666667,https://www.imdb.com/find/?q=Kabali
Mersal,Action,7.8,Atlee,Vijay,102094,2017.0,8.0,8.0,7.933333333,https://www.imdb.com/find/?q=Mersal
Petta,Action,7.3,Karthik Subbaraj,Rajinikanth,85423,2019.0,8.0,7.5,7.6,https://www.imdb.com/find/?q=Petta
Baasha,Action,8.3,Suresh Krissna,Rajinikanth,78954,1995.0,9.0,8.5,8.6,https://www.imdb.com/find/?q=Baasha
Thuppakki,Action,8.1,A.R. Murugadoss,Vijay,120094,2012.0,8.0,8.0,8.033333333,https://www.imdb.com/find/?q=Thuppakki
Ghilli,Action,8.0,Dharani,Vijay,90529,2004.0,8.0,8.0,8.033333333,https://www.imdb.com/find/?q=Ghilli
Anniyan,Thriller,8.3,Shankar,Vikram,87502,2005.0,9.0,8.5,8.6,https://www.imdb.com/find/?q=Anniyan
Theri,Action,7.4,Atlee,Vijay,100029,2016.0,8.0,7.5,7.633333333,https://www.imdb.com/find/?q=Theri
Kanaa,Drama,8.3,Arunraja Kamaraj,Aishwarya Rajesh,50294,2018.0,8.0,8.5,8.266666667,https://www.imdb.com/find/?q=Kanaa
Vikram,Thriller,8.1,Lokesh Kanagaraj,Kamal Haasan,90254,2022.0,9.0,8.5,8.533333333,https://www.imdb.com/find/?q=Vikram
Nayakan,Crime,8.6,Mani Ratnam,Kamal Haasan,85201,1987.0,9.0,8.5,8.7,https://www.imdb.com/find/?q=Nayakan
Mahanadhi,Drama,8.5,Santhana Bharathi,Kamal Haasan,45239,1994.0,9.0,8.5,8.666666667,https://www.imdb.com/find/?q=Mahanadhi
Alaipayuthey,Romance,8.3,Mani Ratnam,Madhavan,78352,2000.0,8.0,8.5,8.266666667,https://www.imdb.com/find/?q=Alaipayuthey
Roja,Drama,8.1,Mani Ratnam,Arvind Swami,78592,1992.0,8.0,8.0,8.033333333,https://www.imdb.com/find/?q=Roja
Bombay,Drama,8.1,Mani Ratnam,Arvind Swami,74529,1995.0,8.0,8.0,8.033333333,https://www.imdb.com/find/?q=Bombay
Indian,Action,8.4,Shankar,Kamal Haasan,89201,1996.0,9.0,8.5,8.633333333,https://www.imdb.com/find/?q=Indian
Padayappa,Action,8.0,K.S. Ravikumar,Rajinikanth,95029,1999.0,8.0,8.0,8.033333333,https://www.imdb.com/find/?q=Padayappa
Sivaji,Action,7.5,Shankar,Rajinikanth,102934,2007.0,8.0,7.5,7.666666667,https://www.imdb.com/find/?q=Sivaji
Chandramukhi,Horror,7.9,P. Vasu,Rajinikanth,82940,2005.0,8.0,8.0,7.966666667,https://www.imdb.com/find/?q=Chandramukhi
Iruvar,Drama,8.4,Mani Ratnam,Mohanlal,60542,1997.0,9.0,8.5,8.633333333,https://www.imdb.com/find/?q=Iruvar
Mouna Ragam,Romance,8.6,Mani Ratnam,Mohan,70239,1986.0,8.0,8.5,8.366666667,https://www.imdb.com/find/?q=MounaRagam
Ayan,Action,7.8,K.V. Anand,Suriya,89230,2009.0,8.0,8.0,7.933333333,https://www.imdb.com/find/?q=Ayan
Ghajini,Thriller,7.5,A.R. Murugadoss,Suriya,85492,2005.0,8.0,7.5,7.666666667,https://www.imdb.com/find/?q=Ghajini
Singam,Action,6.9,Hari,Suriya,103059,2010.0,7.0,7.0,6.966666667,https://www.imdb.com/find/?q=Singam
Vel,Action,7.2,Hari,Suriya,75294,2007.0,8.0,7.5,7.566666667,https://www.imdb.com/find/?q=Vel
Vaaranam Aayiram,Drama,8.2,Gautham Menon,Suriya,78230,2008.0,9.0,8.5,8.566666667,https://www.imdb.com/find/?q=VaaranamAayiram
Ayirathil Oruvan,Adventure,7.8,Selvaraghavan,Karthi,63420,2010.0,8.0,8.0,7.933333333,https://www.imdb.com/find/?q=AyirathilOruvan
Paruthiveeran,Drama,8.2,Ameer Sultan,Karthi,64059,2007.0,9.0,8.5,8.566666667,https://www.imdb.com/find/?q=Paruthiveeran
Siruthai,Action,6.8,Siva,Karthi,74020,2011.0,7.0,7.0,6.933333333,https://www.imdb.com/find/?q=Siruthai
Madras,Drama,8.3,Pa. Ranjith,Karthi,50394,2014.0,9.0,8.5,8.6,https://www.imdb.com/find/?q=Madras
Kaithi,Action,8.5,Lokesh Kanagaraj,Karthi,79029,2019.0,9.0,8.5,8.666666667,https://www.imdb.com/find/?q=Kaithi
Naan Mahaan Alla,Drama,7.8,Suseenthiran,Karthi,60539,2010.0,8.0,8.0,7.933333333,https://www.imdb.com/find/?q=NaanMahaanAlla
Ratsasan,Thriller,8.6,Ram Kumar,Vishnu Vishal,93042,2018.0,9.0,8.5,8.7,https://www.imdb.com/find/?q=Ratsasan
Vikram Vedha,Thriller,8.7,Pushkar-Gayathri,Vijay Sethupathi,95000,2017.0,9.0,8.5,8.733333333,https://www.imdb.com/find/?q=VikramVedha
Pizza,Horror,8.0,Karthik Subbaraj,Vijay Sethupathi,68294,2012.0,8.0,8.0,8.033333333,https://www.imdb.com/find/?q=Pizza
Soodhu Kavvum,Comedy,8.3,Nalan Kumarasamy,Vijay Sethupathi,70349,2013.0,8.0,8.5,8.266666667,https://www.imdb.com/find/?q=SoodhuKavvum
Pannaiyarum Padminiyum,Drama,7.8,Arun Kumar,Vijay Sethupathi,34230,2014.0,8.0,8.0,7.933333333,https://www.imdb.com/find/?q=PannaiyarumPadminiyum
Iraivi,Drama,8.1,Karthik Subbaraj,Vijay Sethupathi,50249,2016.0,8.0,8.0,8.033333333,https://www.imdb.com/find/?q=Iraivi
Kadhalum Kadanthu Pogum,Romance,7.7,Nalan Kumarasamy,Vijay Sethupathi,53429,2016.0,8.0,8.0,7.9,https://www.imdb.com/find/?q=KadhalumKadanthuPogum
Dharmadurai,Drama,7.7,Seenu Ramasamy,Vijay Sethupathi,45940,2016.0,8.0,8.0,7.9,https://www.imdb.com/find/?q=Dharmadurai
Taramani,Drama,7.6,Ram,Andrea Jeremiah,32040,2017.0,7.0,7.5,7.366666667,https://www.imdb.com/find/?q=Taramani
Enthiran,Sci-Fi,7.1,Shankar,Rajinikanth,120429,2010.0,8.0,7.5,7.533333333,https://www.imdb.com/find/?q=Enthiran
Lingaa,Action,5.9,K.S. Ravikumar,Rajinikanth,70249,2014.0,7.0,6.5,6.466666667,https://www.imdb.com/find/?q=Lingaa
Darbar,Action,6.5,A.R. Murugadoss,Rajinikanth,85420,,,,,https://www.imdb.com/find/?q=Darbar
Thalapathi,Drama,8.7,Mani Ratnam,Rajinikanth,76023,1991.0,9.0,8.5,8.733333333,https://www.imdb.com/find/?q=Thalapathi
Muthu,Comedy,8.1,K.S. Ravikumar,Rajinikanth,70294,1995.0,8.0,8.0,8.033333333,https://www.imdb.com/find/?q=Muthu
Arunachalam,Drama,7.5,Sundar C,Rajinikanth,63230,1997.0,7.0,7.5,7.333333333,https://www.imdb.com/find/?q=Arunachalam
Darbar,Action,6.5,A.R. Murugadoss,Rajinikanth,85420,2020.0,7.0,7.0,6.833333333,https://www.imdb.com/find/?q=Darbar
Annaatthe,Action,4.7,Siva,Rajinikanth,95030,2021.0,6.0,5.0,5.233333333,https://www.imdb.com/find/?q=Annaatthe
Kaaviya Thalaivan,Drama,7.9,Vasanthabalan,Siddharth,50293,2014.0,8.0,8.0,7.966666667,https://www.imdb.com/find/?q=KaaviyaThalaivan
Jigarthanda,Action,8.3,Karthik Subbaraj,Siddharth,72049,2014.0,8.0,8.5,8.266666667,https://www.imdb.com/find/?q=Jigarthanda
Maanagaram,Thriller,8.1,Lokesh Kanagaraj,Sundeep Kishan,60293,2017.0,8.0,8.0,8.033333333,https://www.imdb.com/find/?q=Maanagaram
Indru Netru Naalai,Sci-Fi,8.0,R. Ravikumar,Vishnu Vishal,49234,2015.0,8.0,8.0,8.033333333,https://www.imdb.com/find/?q=IndruNetruNaalai
Velaiilla Pattadhari,Drama,7.9,Velraj,Dhanush,74230,2014.0,8.0,8.0,7.966666667,https://www.imdb.com/find/?q=VelaiillaPattadhari
Raanjhanaa,Romance,7.6,Anand L. Rai,Dhanush,100049,2013.0,8.0,7.5,7.7,https://www.imdb.com/find/?q=Raanjhanaa
Kodi,Thriller,7.0,R.S. Durai Senthilkumar,Dhanush,54020,2016.0,8.0,7.0,7.333333333,https://www.imdb.com/find/?q=Kodi
Pudhupettai,Drama,8.5,Selvaraghavan,Dhanush,45020,2006.0,9.0,8.5,8.666666667,https://www.imdb.com/find/?q=Pudhupettai
Mayakkam Enna,Drama,8.0,Selvaraghavan,Dhanush,42392,2011.0,9.0,8.0,8.333333333,https://www.imdb.com/find/?q=MayakkamEnna
Vada Chennai,Crime,8.5,Vetrimaaran,Dhanush,67320,2018.0,9.0,8.5,8.666666667,https://www.imdb.com/find/?q=VadaChennai
Polladhavan,Action,7.7,Vetrimaaran,Dhanush,50929,2007.0,8.0,8.0,7.9,https://www.imdb.com/find/?q=Polladhavan
Maryan,Drama,7.3,Bharat Bala,Dhanush,31239,2013.0,8.0,7.5,7.6,https://www.imdb.com/find/?q=Maryan
Yennai Arindhaal,Action,7.4,Gautham Menon,Ajith Kumar,89520,2015.0,8.0,7.5,7.633333333,https://www.imdb.com/find/?q=YennaiArindhaal
Mankatha,Action,7.7,Venkat Prabhu,Ajith Kumar,102394,2011.0,8.0,8.0,7.9,https://www.imdb.com/find/?q=Mankatha
Viswasam,Drama,6.9,Siva,Ajith Kumar,85439,2019.0,8.0,7.0,7.3,https://www.imdb.com/find/?q=Viswasam
Vedalam,Action,6.7,Siva,Ajith Kumar,78302,2015.0,8.0,7.0,7.233333333,https://www.imdb.com/find/?q=Vedalam
Veeram,Action,7.4,Siva,Ajith Kumar,74203,2014.0,8.0,7.5,7.633333333,https://www.imdb.com/find/?q=Veeram
Billa,Action,7.5,Vishnuvardhan,Ajith Kumar,69239,2007.0,8.0,7.5,7.666666667,https://www.imdb.com/find/?q=Billa
Mugavaree,Romance,7.8,V. Z. Durai,Ajith Kumar,49230,2000.0,8.0,8.0,7.933333333,https://www.imdb.com/find/?q=Mugavaree
Varalaru,Action,7.2,K.S. Ravikumar,Ajith Kumar,75402,2006.0,8.0,7.5,7.566666667,https://www.imdb.com/find/?q=Varalaru
Nerkonda Paarvai,Drama,8.2,H. Vinoth,Ajith Kumar,82049,2019.0,8.0,8.5,8.233333333,https://www.imdb.com/find/?q=NerkondaPaarvai
Ayutha Ezhuthu,Drama,8.1,Mani Ratnam,Suriya,70349,2004.0,8.0,8.0,8.033333333,https://www.imdb.com/find/?q=AyuthaEzhuthu
7aum Arivu,Sci-Fi,6.5,A.R. Murugadoss,Suriya,97302,2011.0,7.0,7.0,6.833333333,https://www.imdb.com/find/?q=7aumArivu
24,Sci-Fi,7.9,Vikram K. Kumar,Suriya,65430,2016.0,8.0,8.0,7.966666667,https://www.imdb.com/find/?q=24
